{
  "version": 1,
  "author": "Uri Shaked",
  "editor": "wokwi",
  "parts": [
    { "type": "wokwi-esp32-devkit-v1", "id": "esp", "top": 14.3, "left": -293, "attrs": {} },
    {
      "type": "wokwi-hc-sr04",
      "id": "ultrasonic1",
      "top": -113.7,
      "left": -62.18,
      "attrs": { "distance": "186" }
    },
    {
      "type": "wokwi-hc-sr04",
      "id": "ultrasonic2",
      "top": -113.7,
      "left": 360.22,
      "attrs": { "distance": "287" }
    },
    { "type": "wokwi-servo", "id": "servo1", "top": -136.4, "left": 134.4, "attrs": {} },
    {
      "type": "wokwi-lcd1602",
      "id": "lcd1",
      "top": -348.16,
      "left": 173.16,
      "attrs": { "pins": "i2c" }
    }
  ],
  "connections": [
    [ "esp:TX0", "$serialMonitor:RX", "", [] ],
    [ "esp:RX0", "$serialMonitor:TX", "", [] ],
    [ "ultrasonic1:GND", "esp:GND.1", "gold", [ "v182.4", "h-224.97" ] ],
    [ "ultrasonic2:GND", "esp:GND.1", "black", [ "v0" ] ],
    [ "ultrasonic1:VCC", "esp:3V3", "red", [ "v0" ] ],
    [ "ultrasonic2:VCC", "esp:3V3", "red", [ "v0" ] ],
    [ "ultrasonic1:TRIG", "esp:D4", "green", [ "v0" ] ],
    [ "ultrasonic1:ECHO", "esp:D21", "green", [ "v0" ] ],
    [ "ultrasonic2:TRIG", "esp:D5", "green", [ "v0" ] ],
    [ "ultrasonic2:ECHO", "esp:D18", "green", [ "v0" ] ],
    [ "esp:D19", "servo1:PWM", "green", [ "h0" ] ],
    [ "servo1:GND", "esp:GND.1", "black", [ "h-9.6", "v249.6" ] ],
    [ "servo1:V+", "esp:3V3", "green", [ "h-9.6", "v268.9", "h-57.6", "v-19.2" ] ],
    [ "lcd1:GND", "esp:GND.1", "black", [ "h-391.43", "v501.3" ] ],
    [ "esp:D34", "lcd1:SDA", "green", [ "h-40.96", "v-356.31" ] ],
    [ "lcd1:SCL", "esp:D22", "green", [ "h-439.75", "v360.15" ] ],
    [ "lcd1:VCC", "esp:VIN", "red", [ "h-527.04", "v14.24" ] ]
  ]
}